city,date,wins
Atlanta,20180410,24
Atlanta,20180408,24
Atlanta,20180406,23
Atlanta,20180404,22
Atlanta,20180403,22
Atlanta,20180401,22
Atlanta,20180330,21
Atlanta,20180328,21
Atlanta,20180325,21
Atlanta,20180323,21
Atlanta,20180322,21
Atlanta,20180320,21
Atlanta,20180317,20
Atlanta,20180315,20
Atlanta,20180313,20
Atlanta,20180311,20
Atlanta,20180309,20
Atlanta,20180306,20
Atlanta,20180304,20
Atlanta,20180302,19
Atlanta,20180228,19
Atlanta,20180226,18
Atlanta,20180223,18
Atlanta,20180214,18
Atlanta,20180213,18
Atlanta,20180211,18
Atlanta,20180209,17
Atlanta,20180208,17
Atlanta,20180206,17
Atlanta,20180204,16
Atlanta,20180202,15
Atlanta,20180131,15
Atlanta,20180129,15
Atlanta,20180127,14
Atlanta,20180126,14
Atlanta,20180124,14
Atlanta,20180122,14
Atlanta,20180120,13
Atlanta,20180117,13
Atlanta,20180115,12
Atlanta,20180112,11
Atlanta,20180110,11
Atlanta,20180108,10
Atlanta,20180107,10
Atlanta,20180105,10
Atlanta,20180102,10
Atlanta,20171230,10
Atlanta,20171229,9
Atlanta,20171227,9
Atlanta,20171223,8
Atlanta,20171222,7
Atlanta,20171220,7
Atlanta,20171218,7
Atlanta,20171215,6
Atlanta,20171214,6
Atlanta,20171212,6
Atlanta,20171210,6
Atlanta,20171209,6
Atlanta,20171206,5
Atlanta,20171204,5
Atlanta,20171202,5
Atlanta,20171130,4
Atlanta,20171125,4
Atlanta,20171124,4
Atlanta,20171122,3
Atlanta,20171120,3
Atlanta,20171118,3
Atlanta,20171115,3
Atlanta,20171113,2
Atlanta,20171111,2
Atlanta,20171110,2
Atlanta,20171106,2
Atlanta,20171105,2
Atlanta,20171103,1
Atlanta,20171101,1
Atlanta,20171029,1
Atlanta,20171027,1
Atlanta,20171026,1
Atlanta,20171023,1
Atlanta,20171022,1
Atlanta,20171020,1
Atlanta,20171018,1
Boston,20180411,55
Boston,20180410,54
Boston,20180408,54
Boston,20180406,54
Boston,20180404,53
Boston,20180403,53
Boston,20180331,53
Boston,20180328,52
Boston,20180326,51
Boston,20180325,50
Boston,20180323,49
Boston,20180320,48
Boston,20180318,47
Boston,20180316,47
Boston,20180314,46
Boston,20180311,46
Boston,20180308,46
Boston,20180305,45
Boston,20180303,44
Boston,20180228,44
Boston,20180226,43
Boston,20180224,42
Boston,20180223,41
Boston,20180214,40
Boston,20180211,40
Boston,20180209,40
Boston,20180208,40
Boston,20180206,39
Boston,20180204,39
Boston,20180202,38
Boston,20180131,37
Boston,20180129,36
Boston,20180127,35
Boston,20180124,35
Boston,20180123,34
Boston,20180121,34
Boston,20180118,34
Boston,20180116,34
Boston,20180111,34
Boston,20180106,33
Boston,20180105,32
Boston,20180103,31
Boston,20171231,30
Boston,20171228,29
Boston,20171227,28
Boston,20171225,27
Boston,20171223,27
Boston,20171221,26
Boston,20171220,26
Boston,20171218,26
Boston,20171216,25
Boston,20171215,24
Boston,20171213,24
Boston,20171211,23
Boston,20171210,23
Boston,20171208,22
Boston,20171206,22
Boston,20171204,21
Boston,20171202,20
Boston,20171130,19
Boston,20171127,18
Boston,20171125,18
Boston,20171124,17
Boston,20171122,16
Boston,20171120,16
Boston,20171118,15
Boston,20171116,14
Boston,20171114,13
Boston,20171112,12
Boston,20171110,11
Boston,20171108,10
Boston,20171106,9
Boston,20171105,8
Boston,20171103,7
Boston,20171101,6
Boston,20171030,5
Boston,20171028,4
Boston,20171026,3
Boston,20171024,2
Boston,20171020,1
Boston,20171018,0
Boston,20171017,0
Brooklyn Nets,20180411,28
Brooklyn Nets,20180409,28
Brooklyn Nets,20180407,27
Brooklyn Nets,20180405,26
Brooklyn Nets,20180403,25
Brooklyn Nets,20180401,25
Brooklyn Nets,20180331,25
Brooklyn Nets,20180328,24
Brooklyn Nets,20180325,23
Brooklyn Nets,20180323,23
Brooklyn Nets,20180321,23
Brooklyn Nets,20180319,23
Brooklyn Nets,20180317,22
Brooklyn Nets,20180316,21
Brooklyn Nets,20180313,21
Brooklyn Nets,20180311,21
Brooklyn Nets,20180308,21
Brooklyn Nets,20180306,20
Brooklyn Nets,20180304,20
Brooklyn Nets,20180301,20
Brooklyn Nets,20180227,20
Brooklyn Nets,20180226,20
Brooklyn Nets,20180222,19
Brooklyn Nets,20180214,19
Brooklyn Nets,20180212,19
Brooklyn Nets,20180210,19
Brooklyn Nets,20180207,19
Brooklyn Nets,20180206,19
Brooklyn Nets,20180204,19
Brooklyn Nets,20180202,19
Brooklyn Nets,20180131,19
Brooklyn Nets,20180130,18
Brooklyn Nets,20180127,18
Brooklyn Nets,20180126,18
Brooklyn Nets,20180123,18
Brooklyn Nets,20180121,18
Brooklyn Nets,20180119,17
Brooklyn Nets,20180117,16
Brooklyn Nets,20180115,16
Brooklyn Nets,20180113,16
Brooklyn Nets,20180112,16
Brooklyn Nets,20180110,15
Brooklyn Nets,20180108,15
Brooklyn Nets,20180106,15
Brooklyn Nets,20180103,15
Brooklyn Nets,20180101,14
Brooklyn Nets,20171231,13
Brooklyn Nets,20171229,13
Brooklyn Nets,20171227,12
Brooklyn Nets,20171226,12
Brooklyn Nets,20171223,12
Brooklyn Nets,20171222,12
Brooklyn Nets,20171220,11
Brooklyn Nets,20171217,11
Brooklyn Nets,20171215,11
Brooklyn Nets,20171214,11
Brooklyn Nets,20171212,11
Brooklyn Nets,20171209,10
Brooklyn Nets,20171207,10
Brooklyn Nets,20171204,9
Brooklyn Nets,20171202,8
Brooklyn Nets,20171129,8
Brooklyn Nets,20171127,7
Brooklyn Nets,20171126,7
Brooklyn Nets,20171124,6
Brooklyn Nets,20171122,6
Brooklyn Nets,20171119,6
Brooklyn Nets,20171117,6
Brooklyn Nets,20171114,5
Brooklyn Nets,20171111,5
Brooklyn Nets,20171110,5
Brooklyn Nets,20171107,4
Brooklyn Nets,20171106,4
Brooklyn Nets,20171103,3
Brooklyn Nets,20171031,3
Brooklyn Nets,20171029,3
Brooklyn Nets,20171027,3
Brooklyn Nets,20171025,3
Brooklyn Nets,20171024,2
Brooklyn Nets,20171022,2
Brooklyn Nets,20171020,1
Brooklyn Nets,20171018,0
Charlotte Hornets,20180410,36
Charlotte Hornets,20180408,35
Charlotte Hornets,20180406,35
Charlotte Hornets,20180403,34
Charlotte Hornets,20180401,34
Charlotte Hornets,20180331,34
Charlotte Hornets,20180328,34
Charlotte Hornets,20180326,34
Charlotte Hornets,20180324,33
Charlotte Hornets,20180322,32
Charlotte Hornets,20180321,31
Charlotte Hornets,20180319,30
Charlotte Hornets,20180317,30
Charlotte Hornets,20180315,30
Charlotte Hornets,20180313,29
Charlotte Hornets,20180310,29
Charlotte Hornets,20180308,28
Charlotte Hornets,20180306,28
Charlotte Hornets,20180304,28
Charlotte Hornets,20180302,28
Charlotte Hornets,20180228,28
Charlotte Hornets,20180227,28
Charlotte Hornets,20180225,27
Charlotte Hornets,20180223,26
Charlotte Hornets,20180222,25
Charlotte Hornets,20180214,24
Charlotte Hornets,20180211,23
Charlotte Hornets,20180209,23
Charlotte Hornets,20180208,23
Charlotte Hornets,20180205,23
Charlotte Hornets,20180204,23
Charlotte Hornets,20180202,22
Charlotte Hornets,20180131,21
Charlotte Hornets,20180129,20
Charlotte Hornets,20180127,20
Charlotte Hornets,20180126,20
Charlotte Hornets,20180124,19
Charlotte Hornets,20180122,19
Charlotte Hornets,20180120,18
Charlotte Hornets,20180117,18
Charlotte Hornets,20180115,17
Charlotte Hornets,20180113,16
Charlotte Hornets,20180112,16
Charlotte Hornets,20180110,15
Charlotte Hornets,20180105,15
Charlotte Hornets,20180102,14
Charlotte Hornets,20171231,13
Charlotte Hornets,20171229,13
Charlotte Hornets,20171227,12
Charlotte Hornets,20171223,12
Charlotte Hornets,20171222,11
Charlotte Hornets,20171220,11
Charlotte Hornets,20171218,11
Charlotte Hornets,20171216,10
Charlotte Hornets,20171215,10
Charlotte Hornets,20171213,10
Charlotte Hornets,20171211,10
Charlotte Hornets,20171209,9
Charlotte Hornets,20171208,9
Charlotte Hornets,20171206,9
Charlotte Hornets,20171204,9
Charlotte Hornets,20171201,8
Charlotte Hornets,20171129,8
Charlotte Hornets,20171125,8
Charlotte Hornets,20171124,8
Charlotte Hornets,20171122,8
Charlotte Hornets,20171120,7
Charlotte Hornets,20171118,6
Charlotte Hornets,20171117,5
Charlotte Hornets,20171115,5
Charlotte Hornets,20171110,5
Charlotte Hornets,20171107,5
Charlotte Hornets,20171105,5
Charlotte Hornets,20171103,5
Charlotte Hornets,20171101,5
Charlotte Hornets,20171030,4
Charlotte Hornets,20171029,3
Charlotte Hornets,20171027,2
Charlotte Hornets,20171025,2
Charlotte Hornets,20171023,1
Charlotte Hornets,20171020,1
Charlotte Hornets,20171018,0
Chicago Bulls,20180411,27
Chicago Bulls,20180409,27
Chicago Bulls,20180407,27
Chicago Bulls,20180406,27
Chicago Bulls,20180403,27
Chicago Bulls,20180401,26
Chicago Bulls,20180330,25
Chicago Bulls,20180329,24
Chicago Bulls,20180327,24
Chicago Bulls,20180324,24
Chicago Bulls,20180323,24
Chicago Bulls,20180321,24
Chicago Bulls,20180319,24
Chicago Bulls,20180317,24
Chicago Bulls,20180315,24
Chicago Bulls,20180313,23
Chicago Bulls,20180311,23
Chicago Bulls,20180309,22
Chicago Bulls,20180307,22
Chicago Bulls,20180305,21
Chicago Bulls,20180302,21
Chicago Bulls,20180227,20
Chicago Bulls,20180226,20
Chicago Bulls,20180224,20
Chicago Bulls,20180222,20
Chicago Bulls,20180214,20
Chicago Bulls,20180212,20
Chicago Bulls,20180210,19
Chicago Bulls,20180209,19
Chicago Bulls,20180205,18
Chicago Bulls,20180203,18
Chicago Bulls,20180131,18
Chicago Bulls,20180128,18
Chicago Bulls,20180126,18
Chicago Bulls,20180124,18
Chicago Bulls,20180122,18
Chicago Bulls,20180120,18
Chicago Bulls,20180117,17
Chicago Bulls,20180115,17
Chicago Bulls,20180113,16
Chicago Bulls,20180110,15
Chicago Bulls,20180108,14
Chicago Bulls,20180106,14
Chicago Bulls,20180105,14
Chicago Bulls,20180103,13
Chicago Bulls,20180101,13
Chicago Bulls,20171231,13
Chicago Bulls,20171229,13
Chicago Bulls,20171227,12
Chicago Bulls,20171226,11
Chicago Bulls,20171223,10
Chicago Bulls,20171221,10
Chicago Bulls,20171220,10
Chicago Bulls,20171218,9
Chicago Bulls,20171215,8
Chicago Bulls,20171213,7
Chicago Bulls,20171211,6
Chicago Bulls,20171209,5
Chicago Bulls,20171208,4
Chicago Bulls,20171206,3
Chicago Bulls,20171204,3
Chicago Bulls,20171201,3
Chicago Bulls,20171130,3
Chicago Bulls,20171128,3
Chicago Bulls,20171126,3
Chicago Bulls,20171124,3
Chicago Bulls,20171122,3
Chicago Bulls,20171121,3
Chicago Bulls,20171119,3
Chicago Bulls,20171117,3
Chicago Bulls,20171115,2
Chicago Bulls,20171111,2
Chicago Bulls,20171110,2
Chicago Bulls,20171107,2
Chicago Bulls,20171104,2
Chicago Bulls,20171103,2
Chicago Bulls,20171101,1
Chicago Bulls,20171028,1
Chicago Bulls,20171026,1
Chicago Bulls,20171024,0
Chicago Bulls,20171021,0
Chicago Bulls,20171019,0
Cleveland Cavaliers,20180411,50
Cleveland Cavaliers,20180409,50
Cleveland Cavaliers,20180406,49
Cleveland Cavaliers,20180405,49
Cleveland Cavaliers,20180403,48
Cleveland Cavaliers,20180401,47
Cleveland Cavaliers,20180330,46
Cleveland Cavaliers,20180328,45
Cleveland Cavaliers,20180327,44
Cleveland Cavaliers,20180325,44
Cleveland Cavaliers,20180323,43
Cleveland Cavaliers,20180321,42
Cleveland Cavaliers,20180319,41
Cleveland Cavaliers,20180317,40
Cleveland Cavaliers,20180315,39
Cleveland Cavaliers,20180313,39
Cleveland Cavaliers,20180311,38
Cleveland Cavaliers,20180309,38
Cleveland Cavaliers,20180307,38
Cleveland Cavaliers,20180305,37
Cleveland Cavaliers,20180303,36
Cleveland Cavaliers,20180301,36
Cleveland Cavaliers,20180227,36
Cleveland Cavaliers,20180225,35
Cleveland Cavaliers,20180223,35
Cleveland Cavaliers,20180222,34
Cleveland Cavaliers,20180213,34
Cleveland Cavaliers,20180211,33
Cleveland Cavaliers,20180209,32
Cleveland Cavaliers,20180207,31
Cleveland Cavaliers,20180206,30
Cleveland Cavaliers,20180203,30
Cleveland Cavaliers,20180131,30
Cleveland Cavaliers,20180130,29
Cleveland Cavaliers,20180128,29
Cleveland Cavaliers,20180126,28
Cleveland Cavaliers,20180123,27
Cleveland Cavaliers,20180120,27
Cleveland Cavaliers,20180118,27
Cleveland Cavaliers,20180115,26
Cleveland Cavaliers,20180112,26
Cleveland Cavaliers,20180111,26
Cleveland Cavaliers,20180108,26
Cleveland Cavaliers,20180106,26
Cleveland Cavaliers,20180103,25
Cleveland Cavaliers,20180102,25
Cleveland Cavaliers,20171230,24
Cleveland Cavaliers,20171227,24
Cleveland Cavaliers,20171225,24
Cleveland Cavaliers,20171221,24
Cleveland Cavaliers,20171219,23
Cleveland Cavaliers,20171217,23
Cleveland Cavaliers,20171216,22
Cleveland Cavaliers,20171214,21
Cleveland Cavaliers,20171212,20
Cleveland Cavaliers,20171209,19
Cleveland Cavaliers,20171208,18
Cleveland Cavaliers,20171206,18
Cleveland Cavaliers,20171204,17
Cleveland Cavaliers,20171202,16
Cleveland Cavaliers,20171130,15
Cleveland Cavaliers,20171128,14
Cleveland Cavaliers,20171127,13
Cleveland Cavaliers,20171124,12
Cleveland Cavaliers,20171122,11
Cleveland Cavaliers,20171120,10
Cleveland Cavaliers,20171117,9
Cleveland Cavaliers,20171115,8
Cleveland Cavaliers,20171113,7
Cleveland Cavaliers,20171111,6
Cleveland Cavaliers,20171109,5
Cleveland Cavaliers,20171107,5
Cleveland Cavaliers,20171105,4
Cleveland Cavaliers,20171103,4
Cleveland Cavaliers,20171101,3
Cleveland Cavaliers,20171029,3
Cleveland Cavaliers,20171028,3
Cleveland Cavaliers,20171025,3
Cleveland Cavaliers,20171024,3
Cleveland Cavaliers,20171021,2
Cleveland Cavaliers,20171020,2
Cleveland Cavaliers,20171017,1
Dallas Mavaricks,20180410,24
Dallas Mavaricks,20180408,24
Dallas Mavaricks,20180406,24
Dallas Mavaricks,20180404,24
Dallas Mavaricks,20180403,24
Dallas Mavaricks,20180401,23
Dallas Mavaricks,20180330,23
Dallas Mavaricks,20180328,23
Dallas Mavaricks,20180327,23
Dallas Mavaricks,20180324,22
Dallas Mavaricks,20180322,22
Dallas Mavaricks,20180320,22
Dallas Mavaricks,20180317,22
Dallas Mavaricks,20180316,22
Dallas Mavaricks,20180313,22
Dallas Mavaricks,20180311,21
Dallas Mavaricks,20180310,21
Dallas Mavaricks,20180306,20
Dallas Mavaricks,20180304,19
Dallas Mavaricks,20180302,19
Dallas Mavaricks,20180228,19
Dallas Mavaricks,20180226,19
Dallas Mavaricks,20180224,18
Dallas Mavaricks,20180223,18
Dallas Mavaricks,20180213,18
Dallas Mavaricks,20180211,18
Dallas Mavaricks,20180210,18
Dallas Mavaricks,20180208,17
Dallas Mavaricks,20180205,17
Dallas Mavaricks,20180203,17
Dallas Mavaricks,20180131,16
Dallas Mavaricks,20180129,16
Dallas Mavaricks,20180127,16
Dallas Mavaricks,20180126,16
Dallas Mavaricks,20180124,16
Dallas Mavaricks,20180122,16
Dallas Mavaricks,20180120,15
Dallas Mavaricks,20180116,15
Dallas Mavaricks,20180113,15
Dallas Mavaricks,20180110,15
Dallas Mavaricks,20180109,14
Dallas Mavaricks,20180107,13
Dallas Mavaricks,20180105,13
Dallas Mavaricks,20180103,13
Dallas Mavaricks,20171231,13
Dallas Mavaricks,20171229,12
Dallas Mavaricks,20171227,11
Dallas Mavaricks,20171226,10
Dallas Mavaricks,20171223,9
Dallas Mavaricks,20171222,9
Dallas Mavaricks,20171220,9
Dallas Mavaricks,20171218,8
Dallas Mavaricks,20171216,8
Dallas Mavaricks,20171214,8
Dallas Mavaricks,20171212,8
Dallas Mavaricks,20171210,7
Dallas Mavaricks,20171208,7
Dallas Mavaricks,20171206,7
Dallas Mavaricks,20171204,7
Dallas Mavaricks,20171202,6
Dallas Mavaricks,20171129,5
Dallas Mavaricks,20171127,5
Dallas Mavaricks,20171125,5
Dallas Mavaricks,20171122,4
Dallas Mavaricks,20171120,3
Dallas Mavaricks,20171118,3
Dallas Mavaricks,20171117,2
Dallas Mavaricks,20171114,2
Dallas Mavaricks,20171112,2
Dallas Mavaricks,20171111,2
Dallas Mavaricks,20171107,2
Dallas Mavaricks,20171104,1
Dallas Mavaricks,20171103,1
Dallas Mavaricks,20171101,1
Dallas Mavaricks,20171030,1
Dallas Mavaricks,20171028,1
Dallas Mavaricks,20171026,1
Dallas Mavaricks,20171025,1
Dallas Mavaricks,20171023,0
Dallas Mavaricks,20171021,0
Dallas Mavaricks,20171020,0
Dallas Mavaricks,20171018,0
Denver Nuggets,20180411,46
Denver Nuggets,20180409,46
Denver Nuggets,20180407,45
Denver Nuggets,20180405,44
Denver Nuggets,20180403,43
Denver Nuggets,20180401,42
Denver Nuggets,20180330,41
Denver Nuggets,20180327,40
Denver Nuggets,20180326,40
Denver Nuggets,20180323,40
Denver Nuggets,20180321,39
Denver Nuggets,20180319,38
Denver Nuggets,20180317,38
Denver Nuggets,20180315,38
Denver Nuggets,20180313,37
Denver Nuggets,20180311,37
Denver Nuggets,20180309,36
Denver Nuggets,20180307,35
Denver Nuggets,20180306,35
Denver Nuggets,20180303,35
Denver Nuggets,20180302,34
Denver Nuggets,20180227,33
Denver Nuggets,20180225,33
Denver Nuggets,20180223,33
Denver Nuggets,20180215,32
Denver Nuggets,20180213,31
Denver Nuggets,20180210,30
Denver Nuggets,20180209,29
Denver Nuggets,20180205,29
Denver Nuggets,20180203,28
Denver Nuggets,20180201,27
Denver Nuggets,20180130,26
Denver Nuggets,20180129,26
Denver Nuggets,20180127,26
Denver Nuggets,20180125,25
Denver Nuggets,20180122,24
Denver Nuggets,20180119,23
Denver Nuggets,20180117,23
Denver Nuggets,20180116,23
Denver Nuggets,20180113,22
Denver Nuggets,20180112,22
Denver Nuggets,20180110,21
Denver Nuggets,20180108,21
Denver Nuggets,20180106,21
Denver Nuggets,20180105,21
Denver Nuggets,20180103,20
Denver Nuggets,20171230,19
Denver Nuggets,20171227,19
Denver Nuggets,20171226,19
Denver Nuggets,20171223,18
Denver Nuggets,20171222,17
Denver Nuggets,20171220,16
Denver Nuggets,20171218,16
Denver Nuggets,20171215,16
Denver Nuggets,20171213,15
Denver Nuggets,20171212,15
Denver Nuggets,20171210,14
Denver Nuggets,20171208,14
Denver Nuggets,20171206,13
Denver Nuggets,20171204,13
Denver Nuggets,20171202,13
Denver Nuggets,20171130,12
Denver Nuggets,20171128,11
Denver Nuggets,20171124,11
Denver Nuggets,20171122,10
Denver Nuggets,20171120,10
Denver Nuggets,20171119,9
Denver Nuggets,20171117,9
Denver Nuggets,20171113,8
Denver Nuggets,20171111,8
Denver Nuggets,20171109,7
Denver Nuggets,20171107,6
Denver Nuggets,20171104,5
Denver Nuggets,20171103,5
Denver Nuggets,20171101,4
Denver Nuggets,20171030,3
Denver Nuggets,20171029,3
Denver Nuggets,20171027,2
Denver Nuggets,20171025,1
Denver Nuggets,20171023,1
Denver Nuggets,20171021,1
Denver Nuggets,20171018,0
Detroit Pistons,20180411,39
Detroit Pistons,20180409,38
Detroit Pistons,20180408,38
Detroit Pistons,20180406,38
Detroit Pistons,20180404,37
Detroit Pistons,20180401,37
Detroit Pistons,20180331,36
Detroit Pistons,20180329,35
Detroit Pistons,20180326,34
Detroit Pistons,20180324,33
Detroit Pistons,20180322,32
Detroit Pistons,20180320,32
Detroit Pistons,20180319,31
Detroit Pistons,20180317,30
Detroit Pistons,20180315,30
Detroit Pistons,20180313,30
Detroit Pistons,20180309,30
Detroit Pistons,20180307,29
Detroit Pistons,20180305,29
Detroit Pistons,20180303,29
Detroit Pistons,20180302,29
Detroit Pistons,20180228,29
Detroit Pistons,20180226,28
Detroit Pistons,20180225,28
Detroit Pistons,20180223,28
Detroit Pistons,20180214,28
Detroit Pistons,20180212,27
Detroit Pistons,20180211,27
Detroit Pistons,20180209,27
Detroit Pistons,20180207,27
Detroit Pistons,20180205,26
Detroit Pistons,20180203,25
Detroit Pistons,20180201,24
Detroit Pistons,20180130,23
Detroit Pistons,20180128,22
Detroit Pistons,20180127,22
Detroit Pistons,20180124,22
Detroit Pistons,20180121,22
Detroit Pistons,20180119,22
Detroit Pistons,20180117,22
Detroit Pistons,20180115,22
Detroit Pistons,20180113,22
Detroit Pistons,20180110,22
Detroit Pistons,20180108,21
Detroit Pistons,20180106,21
Detroit Pistons,20180105,20
Detroit Pistons,20180103,20
Detroit Pistons,20171230,20
Detroit Pistons,20171228,19
Detroit Pistons,20171226,19
Detroit Pistons,20171222,18
Detroit Pistons,20171220,17
Detroit Pistons,20171217,17
Detroit Pistons,20171215,16
Detroit Pistons,20171214,15
Detroit Pistons,20171212,14
Detroit Pistons,20171210,14
Detroit Pistons,20171208,14
Detroit Pistons,20171206,14
Detroit Pistons,20171204,14
Detroit Pistons,20171202,14
Detroit Pistons,20171201,14
Detroit Pistons,20171129,14
Detroit Pistons,20171127,13
Detroit Pistons,20171124,12
Detroit Pistons,20171120,11
Detroit Pistons,20171119,11
Detroit Pistons,20171117,10
Detroit Pistons,20171115,10
Detroit Pistons,20171112,10
Detroit Pistons,20171110,9
Detroit Pistons,20171108,8
Detroit Pistons,20171104,7
Detroit Pistons,20171103,6
Detroit Pistons,20171031,5
Detroit Pistons,20171029,5
Detroit Pistons,20171028,4
Detroit Pistons,20171025,3
Detroit Pistons,20171023,2
Detroit Pistons,20171021,2
Detroit Pistons,20171020,1
Detroit Pistons,20171018,1
Golden State Warriors,20180410,58
Golden State Warriors,20180408,58
Golden State Warriors,20180407,57
Golden State Warriors,20180405,57
Golden State Warriors,20180403,57
Golden State Warriors,20180401,56
Golden State Warriors,20180331,55
Golden State Warriors,20180329,54
Golden State Warriors,20180327,54
Golden State Warriors,20180325,54
Golden State Warriors,20180323,54
Golden State Warriors,20180319,53
Golden State Warriors,20180317,53
Golden State Warriors,20180316,52
Golden State Warriors,20180314,52
Golden State Warriors,20180311,51
Golden State Warriors,20180309,51
Golden State Warriors,20180308,51
Golden State Warriors,20180306,50
Golden State Warriors,20180302,49
Golden State Warriors,20180228,48
Golden State Warriors,20180226,47
Golden State Warriors,20180224,46
Golden State Warriors,20180222,45
Golden State Warriors,20180214,44
Golden State Warriors,20180212,44
Golden State Warriors,20180210,43
Golden State Warriors,20180208,42
Golden State Warriors,20180206,41
Golden State Warriors,20180203,41
Golden State Warriors,20180202,41
Golden State Warriors,20180130,40
Golden State Warriors,20180127,40
Golden State Warriors,20180125,39
Golden State Warriors,20180123,38
Golden State Warriors,20180120,37
Golden State Warriors,20180117,37
Golden State Warriors,20180115,36
Golden State Warriors,20180113,35
Golden State Warriors,20180112,34
Golden State Warriors,20180110,33
Golden State Warriors,20180108,33
Golden State Warriors,20180106,32
Golden State Warriors,20180104,31
Golden State Warriors,20180103,30
Golden State Warriors,20171230,29
Golden State Warriors,20171229,28
Golden State Warriors,20171227,28
Golden State Warriors,20171225,27
Golden State Warriors,20171223,26
Golden State Warriors,20171222,26
Golden State Warriors,20171220,25
Golden State Warriors,20171218,24
Golden State Warriors,20171214,23
Golden State Warriors,20171211,22
Golden State Warriors,20171208,21
Golden State Warriors,20171206,20
Golden State Warriors,20171204,19
Golden State Warriors,20171203,18
Golden State Warriors,20171201,17
Golden State Warriors,20171129,16
Golden State Warriors,20171127,15
Golden State Warriors,20171125,15
Golden State Warriors,20171124,14
Golden State Warriors,20171122,13
Golden State Warriors,20171119,13
Golden State Warriors,20171118,12
Golden State Warriors,20171116,11
Golden State Warriors,20171113,11
Golden State Warriors,20171111,10
Golden State Warriors,20171108,9
Golden State Warriors,20171106,8
Golden State Warriors,20171104,7
Golden State Warriors,20171102,6
Golden State Warriors,20171030,5
Golden State Warriors,20171029,4
Golden State Warriors,20171027,4
Golden State Warriors,20171025,3
Golden State Warriors,20171023,2
Golden State Warriors,20171021,1
Golden State Warriors,20171020,1
Golden State Warriors,20171017,0
Houston Rockets,20180411,65
Houston Rockets,20180410,65
Houston Rockets,20180407,64
Houston Rockets,20180405,64
Houston Rockets,20180403,63
Houston Rockets,20180401,62
Houston Rockets,20180330,62
Houston Rockets,20180327,61
Houston Rockets,20180325,60
Houston Rockets,20180324,59
Houston Rockets,20180322,58
Houston Rockets,20180320,57
Houston Rockets,20180318,56
Houston Rockets,20180317,55
Houston Rockets,20180315,54
Houston Rockets,20180312,53
Houston Rockets,20180311,52
Houston Rockets,20180309,51
Houston Rockets,20180307,51
Houston Rockets,20180306,50
Houston Rockets,20180303,49
Houston Rockets,20180228,48
Houston Rockets,20180226,47
Houston Rockets,20180225,46
Houston Rockets,20180223,45
Houston Rockets,20180214,44
Houston Rockets,20180213,43
Houston Rockets,20180211,42
Houston Rockets,20180209,41
Houston Rockets,20180207,40
Houston Rockets,20180206,39
Houston Rockets,20180203,38
Houston Rockets,20180201,37
Houston Rockets,20180130,36
Houston Rockets,20180128,35
Houston Rockets,20180126,34
Houston Rockets,20180124,34
Houston Rockets,20180122,33
Houston Rockets,20180120,32
Houston Rockets,20180118,31
Houston Rockets,20180115,30
Houston Rockets,20180112,30
Houston Rockets,20180110,29
Houston Rockets,20180108,28
Houston Rockets,20180106,27
Houston Rockets,20180104,27
Houston Rockets,20180103,27
Houston Rockets,20171231,26
Houston Rockets,20171229,25
Houston Rockets,20171228,25
Houston Rockets,20171225,25
Houston Rockets,20171222,25
Houston Rockets,20171220,25
Houston Rockets,20171218,25
Houston Rockets,20171216,24
Houston Rockets,20171215,23
Houston Rockets,20171213,22
Houston Rockets,20171211,21
Houston Rockets,20171209,20
Houston Rockets,20171207,19
Houston Rockets,20171203,18
Houston Rockets,20171129,17
Houston Rockets,20171127,16
Houston Rockets,20171125,15
Houston Rockets,20171122,14
Houston Rockets,20171118,13
Houston Rockets,20171116,12
Houston Rockets,20171114,11
Houston Rockets,20171112,11
Houston Rockets,20171111,10
Houston Rockets,20171109,9
Houston Rockets,20171105,8
Houston Rockets,20171103,7
Houston Rockets,20171101,6
Houston Rockets,20171030,5
Houston Rockets,20171028,5
Houston Rockets,20171027,5
Houston Rockets,20171025,4
Houston Rockets,20171023,3
Houston Rockets,20171021,3
Houston Rockets,20171018,2
Houston Rockets,20171017,1
Indiana Pacers,20180410,48
Indiana Pacers,20180408,48
Indiana Pacers,20180406,47
Indiana Pacers,20180405,47
Indiana Pacers,20180403,46
Indiana Pacers,20180401,46
Indiana Pacers,20180329,45
Indiana Pacers,20180327,44
Indiana Pacers,20180325,43
Indiana Pacers,20180323,42
Indiana Pacers,20180321,41
Indiana Pacers,20180319,41
Indiana Pacers,20180317,40
Indiana Pacers,20180315,40
Indiana Pacers,20180313,40
Indiana Pacers,20180311,39
Indiana Pacers,20180309,38
Indiana Pacers,20180307,37
Indiana Pacers,20180305,37
Indiana Pacers,20180304,36
Indiana Pacers,20180302,35
Indiana Pacers,20180228,34
Indiana Pacers,20180226,34
Indiana Pacers,20180223,34
Indiana Pacers,20180214,33
Indiana Pacers,20180211,32
Indiana Pacers,20180209,31
Indiana Pacers,20180205,30
Indiana Pacers,20180203,30
Indiana Pacers,20180202,29
Indiana Pacers,20180131,29
Indiana Pacers,20180129,28
Indiana Pacers,20180127,27
Indiana Pacers,20180126,26
Indiana Pacers,20180124,26
Indiana Pacers,20180121,25
Indiana Pacers,20180119,24
Indiana Pacers,20180118,24
Indiana Pacers,20180115,24
Indiana Pacers,20180114,23
Indiana Pacers,20180112,22
Indiana Pacers,20180110,21
Indiana Pacers,20180108,21
Indiana Pacers,20180106,20
Indiana Pacers,20180103,19
Indiana Pacers,20171231,19
Indiana Pacers,20171229,19
Indiana Pacers,20171227,19
Indiana Pacers,20171226,19
Indiana Pacers,20171223,19
Indiana Pacers,20171220,18
Indiana Pacers,20171218,17
Indiana Pacers,20171217,17
Indiana Pacers,20171215,16
Indiana Pacers,20171213,16
Indiana Pacers,20171210,16
Indiana Pacers,20171208,15
Indiana Pacers,20171206,14
Indiana Pacers,20171204,13
Indiana Pacers,20171201,12
Indiana Pacers,20171129,12
Indiana Pacers,20171127,12
Indiana Pacers,20171125,11
Indiana Pacers,20171124,11
Indiana Pacers,20171120,10
Indiana Pacers,20171119,9
Indiana Pacers,20171117,8
Indiana Pacers,20171115,7
Indiana Pacers,20171112,6
Indiana Pacers,20171110,6
Indiana Pacers,20171108,5
Indiana Pacers,20171107,5
Indiana Pacers,20171105,5
Indiana Pacers,20171103,5
Indiana Pacers,20171101,5
Indiana Pacers,20171031,4
Indiana Pacers,20171029,3
Indiana Pacers,20171025,2
Indiana Pacers,20171024,2
Indiana Pacers,20171021,1
Indiana Pacers,20171020,1
Indiana Pacers,20171018,1
Los Angeles Clippers,20180411,42
Los Angeles Clippers,20180409,42
Los Angeles Clippers,20180407,42
Los Angeles Clippers,20180405,42
Los Angeles Clippers,20180403,42
Los Angeles Clippers,20180401,41
Los Angeles Clippers,20180330,41
Los Angeles Clippers,20180328,41
Los Angeles Clippers,20180327,40
Los Angeles Clippers,20180325,39
Los Angeles Clippers,20180323,38
Los Angeles Clippers,20180321,38
Los Angeles Clippers,20180320,37
Los Angeles Clippers,20180318,37
Los Angeles Clippers,20180316,37
Los Angeles Clippers,20180315,37
Los Angeles Clippers,20180313,37
Los Angeles Clippers,20180310,36
Los Angeles Clippers,20180309,35
Los Angeles Clippers,20180306,34
Los Angeles Clippers,20180304,34
Los Angeles Clippers,20180302,33
Los Angeles Clippers,20180228,32
Los Angeles Clippers,20180227,32
Los Angeles Clippers,20180223,31
Los Angeles Clippers,20180222,30
Los Angeles Clippers,20180214,30
Los Angeles Clippers,20180212,29
Los Angeles Clippers,20180210,28
Los Angeles Clippers,20180209,28
Los Angeles Clippers,20180205,27
Los Angeles Clippers,20180203,26
Los Angeles Clippers,20180130,25
Los Angeles Clippers,20180128,25
Los Angeles Clippers,20180126,24
Los Angeles Clippers,20180124,23
Los Angeles Clippers,20180122,23
Los Angeles Clippers,20180120,23
Los Angeles Clippers,20180117,23
Los Angeles Clippers,20180115,22
Los Angeles Clippers,20180113,21
Los Angeles Clippers,20180111,20
Los Angeles Clippers,20180110,19
Los Angeles Clippers,20180108,18
Los Angeles Clippers,20180106,17
Los Angeles Clippers,20180104,17
Los Angeles Clippers,20180102,17
Los Angeles Clippers,20171231,16
Los Angeles Clippers,20171229,15
Los Angeles Clippers,20171226,14
Los Angeles Clippers,20171223,13
Los Angeles Clippers,20171222,13
Los Angeles Clippers,20171220,12
Los Angeles Clippers,20171218,11
Los Angeles Clippers,20171216,11
Los Angeles Clippers,20171215,11
Los Angeles Clippers,20171213,11
Los Angeles Clippers,20171211,10
Los Angeles Clippers,20171209,9
Los Angeles Clippers,20171206,8
Los Angeles Clippers,20171203,8
Los Angeles Clippers,20171202,8
Los Angeles Clippers,20171130,8
Los Angeles Clippers,20171127,8
Los Angeles Clippers,20171125,7
Los Angeles Clippers,20171122,6
Los Angeles Clippers,20171120,5
Los Angeles Clippers,20171118,5
Los Angeles Clippers,20171117,5
Los Angeles Clippers,20171113,5
Los Angeles Clippers,20171111,5
Los Angeles Clippers,20171110,5
Los Angeles Clippers,20171107,5
Los Angeles Clippers,20171105,5
Los Angeles Clippers,20171104,5
Los Angeles Clippers,20171101,5
Los Angeles Clippers,20171030,4
Los Angeles Clippers,20171028,4
Los Angeles Clippers,20171026,4
Los Angeles Clippers,20171024,3
Los Angeles Clippers,20171021,2
Los Angeles Clippers,20171019,1
Los Angeles Lakers,20180411,35
Los Angeles Lakers,20180410,34
Los Angeles Lakers,20180408,34
Los Angeles Lakers,20180406,34
Los Angeles Lakers,20180404,34
Los Angeles Lakers,20180403,33
Los Angeles Lakers,20180401,33
Los Angeles Lakers,20180330,33
Los Angeles Lakers,20180328,33
Los Angeles Lakers,20180326,32
Los Angeles Lakers,20180324,32
Los Angeles Lakers,20180322,31
Los Angeles Lakers,20180319,31
Los Angeles Lakers,20180316,31
Los Angeles Lakers,20180314,31
Los Angeles Lakers,20180313,31
Los Angeles Lakers,20180311,30
Los Angeles Lakers,20180309,29
Los Angeles Lakers,20180307,29
Los Angeles Lakers,20180305,28
Los Angeles Lakers,20180303,28
Los Angeles Lakers,20180301,27
Los Angeles Lakers,20180226,26
Los Angeles Lakers,20180224,25
Los Angeles Lakers,20180223,24
Los Angeles Lakers,20180215,23
Los Angeles Lakers,20180214,23
Los Angeles Lakers,20180210,23
Los Angeles Lakers,20180208,23
Los Angeles Lakers,20180206,22
Los Angeles Lakers,20180204,21
Los Angeles Lakers,20180202,20
Los Angeles Lakers,20180131,19
Los Angeles Lakers,20180128,19
Los Angeles Lakers,20180126,19
Los Angeles Lakers,20180123,18
Los Angeles Lakers,20180121,17
Los Angeles Lakers,20180119,16
Los Angeles Lakers,20180117,15
Los Angeles Lakers,20180115,15
Los Angeles Lakers,20180113,15
Los Angeles Lakers,20180111,14
Los Angeles Lakers,20180109,13
Los Angeles Lakers,20180107,12
Los Angeles Lakers,20180105,11
Los Angeles Lakers,20180103,11
Los Angeles Lakers,20180101,11
Los Angeles Lakers,20171231,11
Los Angeles Lakers,20171229,11
Los Angeles Lakers,20171227,11
Los Angeles Lakers,20171225,11
Los Angeles Lakers,20171223,11
Los Angeles Lakers,20171222,11
Los Angeles Lakers,20171220,11
Los Angeles Lakers,20171218,10
Los Angeles Lakers,20171214,10
Los Angeles Lakers,20171212,10
Los Angeles Lakers,20171209,10
Los Angeles Lakers,20171207,9
Los Angeles Lakers,20171203,8
Los Angeles Lakers,20171202,8
Los Angeles Lakers,20171129,8
Los Angeles Lakers,20171127,8
Los Angeles Lakers,20171122,8
Los Angeles Lakers,20171121,8
Los Angeles Lakers,20171119,7
Los Angeles Lakers,20171117,6
Los Angeles Lakers,20171115,6
Los Angeles Lakers,20171113,6
Los Angeles Lakers,20171111,5
Los Angeles Lakers,20171109,5
Los Angeles Lakers,20171108,5
Los Angeles Lakers,20171105,5
Los Angeles Lakers,20171103,4
Los Angeles Lakers,20171102,3
Los Angeles Lakers,20171031,3
Los Angeles Lakers,20171028,2
Los Angeles Lakers,20171027,2
Los Angeles Lakers,20171025,2
Los Angeles Lakers,20171022,1
Los Angeles Lakers,20171020,1
Los Angeles Lakers,20171019,0
Memphis Grizzlies,20180411,22
Memphis Grizzlies,20180409,22
Memphis Grizzlies,20180408,22
Memphis Grizzlies,20180406,21
Memphis Grizzlies,20180404,21
Memphis Grizzlies,20180401,21
Memphis Grizzlies,20180330,21
Memphis Grizzlies,20180328,21
Memphis Grizzlies,20180326,20
Memphis Grizzlies,20180324,19
Memphis Grizzlies,20180322,19
Memphis Grizzlies,20180321,19
Memphis Grizzlies,20180319,19
Memphis Grizzlies,20180317,19
Memphis Grizzlies,20180315,18
Memphis Grizzlies,20180312,18
Memphis Grizzlies,20180310,18
Memphis Grizzlies,20180309,18
Memphis Grizzlies,20180307,18
Memphis Grizzlies,20180305,18
Memphis Grizzlies,20180303,18
Memphis Grizzlies,20180302,18
Memphis Grizzlies,20180228,18
Memphis Grizzlies,20180226,18
Memphis Grizzlies,20180224,18
Memphis Grizzlies,20180223,18
Memphis Grizzlies,20180214,18
Memphis Grizzlies,20180211,18
Memphis Grizzlies,20180207,18
Memphis Grizzlies,20180206,18
Memphis Grizzlies,20180204,18
Memphis Grizzlies,20180201,18
Memphis Grizzlies,20180131,18
Memphis Grizzlies,20180129,18
Memphis Grizzlies,20180126,17
Memphis Grizzlies,20180124,17
Memphis Grizzlies,20180122,17
Memphis Grizzlies,20180120,16
Memphis Grizzlies,20180119,16
Memphis Grizzlies,20180117,15
Memphis Grizzlies,20180115,14
Memphis Grizzlies,20180112,13
Memphis Grizzlies,20180110,13
Memphis Grizzlies,20180105,12
Memphis Grizzlies,20180102,12
Memphis Grizzlies,20171231,12
Memphis Grizzlies,20171230,11
Memphis Grizzlies,20171227,11
Memphis Grizzlies,20171226,10
Memphis Grizzlies,20171223,10
Memphis Grizzlies,20171221,9
Memphis Grizzlies,20171220,9
Memphis Grizzlies,20171216,9
Memphis Grizzlies,20171215,9
Memphis Grizzlies,20171213,8
Memphis Grizzlies,20171211,8
Memphis Grizzlies,20171209,8
Memphis Grizzlies,20171208,8
Memphis Grizzlies,20171206,8
Memphis Grizzlies,20171204,8
Memphis Grizzlies,20171202,7
Memphis Grizzlies,20171201,7
Memphis Grizzlies,20171129,7
Memphis Grizzlies,20171126,7
Memphis Grizzlies,20171124,7
Memphis Grizzlies,20171122,7
Memphis Grizzlies,20171120,7
Memphis Grizzlies,20171118,7
Memphis Grizzlies,20171115,7
Memphis Grizzlies,20171113,7
Memphis Grizzlies,20171111,7
Memphis Grizzlies,20171107,7
Memphis Grizzlies,20171105,6
Memphis Grizzlies,20171104,6
Memphis Grizzlies,20171101,5
Memphis Grizzlies,20171030,5
Memphis Grizzlies,20171028,5
Memphis Grizzlies,20171026,4
Memphis Grizzlies,20171025,3
Memphis Grizzlies,20171023,3
Memphis Grizzlies,20171021,2
Memphis Grizzlies,20171018,1
Miami Heat,20180411,44
Miami Heat,20180409,43
Miami Heat,20180406,43
Miami Heat,20180404,43
Miami Heat,20180403,42
Miami Heat,20180331,41
Miami Heat,20180329,41
Miami Heat,20180327,40
Miami Heat,20180325,39
Miami Heat,20180323,39
Miami Heat,20180321,39
Miami Heat,20180319,38
Miami Heat,20180316,37
Miami Heat,20180314,36
Miami Heat,20180312,36
Miami Heat,20180310,36
Miami Heat,20180308,35
Miami Heat,20180306,34
Miami Heat,20180305,34
Miami Heat,20180303,33
Miami Heat,20180301,32
Miami Heat,20180227,32
Miami Heat,20180224,31
Miami Heat,20180223,30
Miami Heat,20180214,30
Miami Heat,20180213,30
Miami Heat,20180209,30
Miami Heat,20180207,29
Miami Heat,20180205,29
Miami Heat,20180203,29
Miami Heat,20180202,29
Miami Heat,20180131,29
Miami Heat,20180129,29
Miami Heat,20180127,28
Miami Heat,20180125,27
Miami Heat,20180122,27
Miami Heat,20180120,27
Miami Heat,20180119,26
Miami Heat,20180117,26
Miami Heat,20180115,25
Miami Heat,20180114,25
Miami Heat,20180110,24
Miami Heat,20180109,23
Miami Heat,20180107,22
Miami Heat,20180105,21
Miami Heat,20180103,20
Miami Heat,20171230,19
Miami Heat,20171229,18
Miami Heat,20171226,18
Miami Heat,20171223,17
Miami Heat,20171222,17
Miami Heat,20171220,16
Miami Heat,20171218,15
Miami Heat,20171216,15
Miami Heat,20171215,14
Miami Heat,20171213,13
Miami Heat,20171211,13
Miami Heat,20171209,12
Miami Heat,20171206,11
Miami Heat,20171203,11
Miami Heat,20171201,11
Miami Heat,20171129,10
Miami Heat,20171128,10
Miami Heat,20171126,10
Miami Heat,20171124,9
Miami Heat,20171122,8
Miami Heat,20171119,7
Miami Heat,20171117,7
Miami Heat,20171115,6
Miami Heat,20171112,6
Miami Heat,20171110,6
Miami Heat,20171108,5
Miami Heat,20171106,4
Miami Heat,20171105,4
Miami Heat,20171103,3
Miami Heat,20171101,3
Miami Heat,20171030,2
Miami Heat,20171028,2
Miami Heat,20171025,2
Miami Heat,20171023,2
Miami Heat,20171021,1
Miami Heat,20171018,0
Milwaukee Bucks,20180411,44
Milwaukee Bucks,20180409,44
Milwaukee Bucks,20180407,43
Milwaukee Bucks,20180405,42
Milwaukee Bucks,20180403,42
Milwaukee Bucks,20180401,41
Milwaukee Bucks,20180330,41
Milwaukee Bucks,20180329,40
Milwaukee Bucks,20180327,39
Milwaukee Bucks,20180325,39
Milwaukee Bucks,20180323,38
Milwaukee Bucks,20180321,37
Milwaukee Bucks,20180319,37
Milwaukee Bucks,20180317,37
Milwaukee Bucks,20180314,36
Milwaukee Bucks,20180312,36
Milwaukee Bucks,20180309,35
Milwaukee Bucks,20180307,34
Milwaukee Bucks,20180305,34
Milwaukee Bucks,20180304,34
Milwaukee Bucks,20180302,33
Milwaukee Bucks,20180228,33
Milwaukee Bucks,20180227,33
Milwaukee Bucks,20180225,33
Milwaukee Bucks,20180223,33
Milwaukee Bucks,20180215,32
Milwaukee Bucks,20180213,32
Milwaukee Bucks,20180210,31
Milwaukee Bucks,20180209,30
Milwaukee Bucks,20180206,30
Milwaukee Bucks,20180204,29
Milwaukee Bucks,20180202,28
Milwaukee Bucks,20180201,27
Milwaukee Bucks,20180129,27
Milwaukee Bucks,20180128,26
Milwaukee Bucks,20180126,25
Milwaukee Bucks,20180122,24
Milwaukee Bucks,20180120,23
Milwaukee Bucks,20180117,23
Milwaukee Bucks,20180115,23
Milwaukee Bucks,20180114,22
Milwaukee Bucks,20180112,22
Milwaukee Bucks,20180110,22
Milwaukee Bucks,20180108,21
Milwaukee Bucks,20180106,21
Milwaukee Bucks,20180105,20
Milwaukee Bucks,20180103,20
Milwaukee Bucks,20180101,19
Milwaukee Bucks,20171229,19
Milwaukee Bucks,20171228,18
Milwaukee Bucks,20171226,17
Milwaukee Bucks,20171223,17
Milwaukee Bucks,20171222,17
Milwaukee Bucks,20171219,16
Milwaukee Bucks,20171216,15
Milwaukee Bucks,20171215,15
Milwaukee Bucks,20171213,15
Milwaukee Bucks,20171209,15
Milwaukee Bucks,20171208,14
Milwaukee Bucks,20171206,13
Milwaukee Bucks,20171204,12
Milwaukee Bucks,20171202,12
Milwaukee Bucks,20171130,11
Milwaukee Bucks,20171128,10
Milwaukee Bucks,20171125,9
Milwaukee Bucks,20171122,9
Milwaukee Bucks,20171120,8
Milwaukee Bucks,20171118,8
Milwaukee Bucks,20171115,8
Milwaukee Bucks,20171113,7
Milwaukee Bucks,20171111,6
Milwaukee Bucks,20171110,5
Milwaukee Bucks,20171107,4
Milwaukee Bucks,20171103,4
Milwaukee Bucks,20171101,4
Milwaukee Bucks,20171031,4
Milwaukee Bucks,20171029,4
Milwaukee Bucks,20171026,3
Milwaukee Bucks,20171023,3
Milwaukee Bucks,20171021,2
Milwaukee Bucks,20171020,1
Milwaukee Bucks,20171018,1
Minnesota Timberwolves,20180411,47
Minnesota Timberwolves,20180409,46
Minnesota Timberwolves,20180406,45
Minnesota Timberwolves,20180405,44
Minnesota Timberwolves,20180401,44
Minnesota Timberwolves,20180330,44
Minnesota Timberwolves,20180328,43
Minnesota Timberwolves,20180326,42
Minnesota Timberwolves,20180324,42
Minnesota Timberwolves,20180323,42
Minnesota Timberwolves,20180320,41
Minnesota Timberwolves,20180318,40
Minnesota Timberwolves,20180317,40
Minnesota Timberwolves,20180313,40
Minnesota Timberwolves,20180311,39
Minnesota Timberwolves,20180308,38
Minnesota Timberwolves,20180302,38
Minnesota Timberwolves,20180301,38
Minnesota Timberwolves,20180226,38
Minnesota Timberwolves,20180224,37
Minnesota Timberwolves,20180223,36
Minnesota Timberwolves,20180215,36
Minnesota Timberwolves,20180213,35
Minnesota Timberwolves,20180211,35
Minnesota Timberwolves,20180209,34
Minnesota Timberwolves,20180207,34
Minnesota Timberwolves,20180203,34
Minnesota Timberwolves,20180201,33
Minnesota Timberwolves,20180130,32
Minnesota Timberwolves,20180129,32
Minnesota Timberwolves,20180127,32
Minnesota Timberwolves,20180125,31
Minnesota Timberwolves,20180124,31
Minnesota Timberwolves,20180122,31
Minnesota Timberwolves,20180120,30
Minnesota Timberwolves,20180118,29
Minnesota Timberwolves,20180116,29
Minnesota Timberwolves,20180114,29
Minnesota Timberwolves,20180112,28
Minnesota Timberwolves,20180110,27
Minnesota Timberwolves,20180108,26
Minnesota Timberwolves,20180106,25
Minnesota Timberwolves,20180105,24
Minnesota Timberwolves,20180103,24
Minnesota Timberwolves,20180101,24
Minnesota Timberwolves,20171231,23
Minnesota Timberwolves,20171228,22
Minnesota Timberwolves,20171227,22
Minnesota Timberwolves,20171225,21
Minnesota Timberwolves,20171223,20
Minnesota Timberwolves,20171220,19
Minnesota Timberwolves,20171218,18
Minnesota Timberwolves,20171216,17
Minnesota Timberwolves,20171214,17
Minnesota Timberwolves,20171212,16
Minnesota Timberwolves,20171210,16
Minnesota Timberwolves,20171206,15
Minnesota Timberwolves,20171204,14
Minnesota Timberwolves,20171203,14
Minnesota Timberwolves,20171201,13
Minnesota Timberwolves,20171129,13
Minnesota Timberwolves,20171128,12
Minnesota Timberwolves,20171126,12
Minnesota Timberwolves,20171124,11
Minnesota Timberwolves,20171122,11
Minnesota Timberwolves,20171120,10
Minnesota Timberwolves,20171119,10
Minnesota Timberwolves,20171117,10
Minnesota Timberwolves,20171115,9
Minnesota Timberwolves,20171113,8
Minnesota Timberwolves,20171111,7
Minnesota Timberwolves,20171108,7
Minnesota Timberwolves,20171105,7
Minnesota Timberwolves,20171104,6
Minnesota Timberwolves,20171101,5
Minnesota Timberwolves,20171030,4
Minnesota Timberwolves,20171027,3
Minnesota Timberwolves,20171025,2
Minnesota Timberwolves,20171024,2
Minnesota Timberwolves,20171022,2
Minnesota Timberwolves,20171020,1
Minnesota Timberwolves,20171018,0
New Orleans Pelicans,20180411,48
New Orleans Pelicans,20180409,47
New Orleans Pelicans,20180407,46
New Orleans Pelicans,20180406,45
New Orleans Pelicans,20180404,44
New Orleans Pelicans,20180401,43
New Orleans Pelicans,20180330,43
New Orleans Pelicans,20180327,43
New Orleans Pelicans,20180324,43
New Orleans Pelicans,20180322,43
New Orleans Pelicans,20180321,42
New Orleans Pelicans,20180320,41
New Orleans Pelicans,20180318,40
New Orleans Pelicans,20180317,39
New Orleans Pelicans,20180315,39
New Orleans Pelicans,20180313,39
New Orleans Pelicans,20180311,38
New Orleans Pelicans,20180309,38
New Orleans Pelicans,20180307,38
New Orleans Pelicans,20180306,37
New Orleans Pelicans,20180304,36
New Orleans Pelicans,20180228,35
New Orleans Pelicans,20180226,34
New Orleans Pelicans,20180225,33
New Orleans Pelicans,20180223,32
New Orleans Pelicans,20180214,31
New Orleans Pelicans,20180212,30
New Orleans Pelicans,20180210,29
New Orleans Pelicans,20180209,28
New Orleans Pelicans,20180205,28
New Orleans Pelicans,20180203,28
New Orleans Pelicans,20180202,28
New Orleans Pelicans,20180130,27
New Orleans Pelicans,20180128,27
New Orleans Pelicans,20180126,27
New Orleans Pelicans,20180124,26
New Orleans Pelicans,20180122,25
New Orleans Pelicans,20180120,24
New Orleans Pelicans,20180117,23
New Orleans Pelicans,20180116,23
New Orleans Pelicans,20180114,22
New Orleans Pelicans,20180112,21
New Orleans Pelicans,20180110,20
New Orleans Pelicans,20180108,20
New Orleans Pelicans,20180106,19
New Orleans Pelicans,20180103,19
New Orleans Pelicans,20171230,18
New Orleans Pelicans,20171229,18
New Orleans Pelicans,20171227,18
New Orleans Pelicans,20171223,17
New Orleans Pelicans,20171222,16
New Orleans Pelicans,20171219,15
New Orleans Pelicans,20171215,15
New Orleans Pelicans,20171213,15
New Orleans Pelicans,20171211,14
New Orleans Pelicans,20171210,14
New Orleans Pelicans,20171208,13
New Orleans Pelicans,20171206,13
New Orleans Pelicans,20171204,12
New Orleans Pelicans,20171202,12
New Orleans Pelicans,20171201,11
New Orleans Pelicans,20171129,11
New Orleans Pelicans,20171125,11
New Orleans Pelicans,20171124,11
New Orleans Pelicans,20171122,10
New Orleans Pelicans,20171120,9
New Orleans Pelicans,20171117,8
New Orleans Pelicans,20171115,8
New Orleans Pelicans,20171113,8
New Orleans Pelicans,20171111,7
New Orleans Pelicans,20171109,6
New Orleans Pelicans,20171107,6
New Orleans Pelicans,20171104,5
New Orleans Pelicans,20171103,4
New Orleans Pelicans,20171101,3
New Orleans Pelicans,20171030,3
New Orleans Pelicans,20171028,3
New Orleans Pelicans,20171026,2
New Orleans Pelicans,20171024,1
New Orleans Pelicans,20171022,1
New Orleans Pelicans,20171020,0
New Orleans Pelicans,20171018,0
New York Knicks,20180411,29
New York Knicks,20180409,28
New York Knicks,20180407,28
New York Knicks,20180406,28
New York Knicks,20180403,27
New York Knicks,20180331,27
New York Knicks,20180328,27
New York Knicks,20180326,27
New York Knicks,20180325,27
New York Knicks,20180323,26
New York Knicks,20180321,26
New York Knicks,20180319,26
New York Knicks,20180317,25
New York Knicks,20180315,24
New York Knicks,20180313,24
New York Knicks,20180311,24
New York Knicks,20180309,24
New York Knicks,20180306,24
New York Knicks,20180304,24
New York Knicks,20180302,24
New York Knicks,20180226,24
New York Knicks,20180224,24
New York Knicks,20180222,24
New York Knicks,20180214,23
New York Knicks,20180212,23
New York Knicks,20180211,23
New York Knicks,20180208,23
New York Knicks,20180206,23
New York Knicks,20180204,23
New York Knicks,20180202,23
New York Knicks,20180131,23
New York Knicks,20180130,23
New York Knicks,20180126,22
New York Knicks,20180125,21
New York Knicks,20180123,21
New York Knicks,20180121,21
New York Knicks,20180119,21
New York Knicks,20180117,20
New York Knicks,20180115,20
New York Knicks,20180114,19
New York Knicks,20180112,19
New York Knicks,20180110,19
New York Knicks,20180107,19
New York Knicks,20180105,18
New York Knicks,20180103,18
New York Knicks,20180102,18
New York Knicks,20171230,18
New York Knicks,20171228,17
New York Knicks,20171227,17
New York Knicks,20171225,17
New York Knicks,20171222,17
New York Knicks,20171221,17
New York Knicks,20171218,16
New York Knicks,20171216,16
New York Knicks,20171214,15
New York Knicks,20171212,14
New York Knicks,20171210,13
New York Knicks,20171209,12
New York Knicks,20171206,12
New York Knicks,20171204,11
New York Knicks,20171203,11
New York Knicks,20171129,11
New York Knicks,20171127,10
New York Knicks,20171125,10
New York Knicks,20171124,10
New York Knicks,20171122,10
New York Knicks,20171120,9
New York Knicks,20171117,8
New York Knicks,20171115,8
New York Knicks,20171113,7
New York Knicks,20171111,7
New York Knicks,20171108,6
New York Knicks,20171107,6
New York Knicks,20171105,5
New York Knicks,20171103,4
New York Knicks,20171101,3
New York Knicks,20171030,3
New York Knicks,20171029,2
New York Knicks,20171027,1
New York Knicks,20171024,0
New York Knicks,20171021,0
New York Knicks,20171019,0
Oklahoma City Thunder,20180411,48
Oklahoma City Thunder,20180409,47
Oklahoma City Thunder,20180407,46
Oklahoma City Thunder,20180403,45
Oklahoma City Thunder,20180401,45
Oklahoma City Thunder,20180330,44
Oklahoma City Thunder,20180329,44
Oklahoma City Thunder,20180325,44
Oklahoma City Thunder,20180323,44
Oklahoma City Thunder,20180320,43
Oklahoma City Thunder,20180318,43
Oklahoma City Thunder,20180316,42
Oklahoma City Thunder,20180313,41
Oklahoma City Thunder,20180312,40
Oklahoma City Thunder,20180310,39
Oklahoma City Thunder,20180308,38
Oklahoma City Thunder,20180306,37
Oklahoma City Thunder,20180303,37
Oklahoma City Thunder,20180302,37
Oklahoma City Thunder,20180228,36
Oklahoma City Thunder,20180226,35
Oklahoma City Thunder,20180224,34
Oklahoma City Thunder,20180222,34
Oklahoma City Thunder,20180214,33
Oklahoma City Thunder,20180213,32
Oklahoma City Thunder,20180211,32
Oklahoma City Thunder,20180208,31
Oklahoma City Thunder,20180206,31
Oklahoma City Thunder,20180204,30
Oklahoma City Thunder,20180202,30
Oklahoma City Thunder,20180201,30
Oklahoma City Thunder,20180130,30
Oklahoma City Thunder,20180128,30
Oklahoma City Thunder,20180127,29
Oklahoma City Thunder,20180125,28
Oklahoma City Thunder,20180123,27
Oklahoma City Thunder,20180120,26
Oklahoma City Thunder,20180117,25
Oklahoma City Thunder,20180115,24
Oklahoma City Thunder,20180113,23
Oklahoma City Thunder,20180110,22
Oklahoma City Thunder,20180109,22
Oklahoma City Thunder,20180107,22
Oklahoma City Thunder,20180104,22
Oklahoma City Thunder,20180103,21
Oklahoma City Thunder,20171231,20
Oklahoma City Thunder,20171229,20
Oklahoma City Thunder,20171227,20
Oklahoma City Thunder,20171225,19
Oklahoma City Thunder,20171223,18
Oklahoma City Thunder,20171222,17
Oklahoma City Thunder,20171220,16
Oklahoma City Thunder,20171218,15
Oklahoma City Thunder,20171216,14
Oklahoma City Thunder,20171215,14
Oklahoma City Thunder,20171213,13
Oklahoma City Thunder,20171211,12
Oklahoma City Thunder,20171209,12
Oklahoma City Thunder,20171207,11
Oklahoma City Thunder,20171205,11
Oklahoma City Thunder,20171203,10
Oklahoma City Thunder,20171201,9
Oklahoma City Thunder,20171129,8
Oklahoma City Thunder,20171125,8
Oklahoma City Thunder,20171124,8
Oklahoma City Thunder,20171122,8
Oklahoma City Thunder,20171120,7
Oklahoma City Thunder,20171117,7
Oklahoma City Thunder,20171115,7
Oklahoma City Thunder,20171112,6
Oklahoma City Thunder,20171110,5
Oklahoma City Thunder,20171109,4
Oklahoma City Thunder,20171107,4
Oklahoma City Thunder,20171105,4
Oklahoma City Thunder,20171103,4
Oklahoma City Thunder,20171031,4
Oklahoma City Thunder,20171028,3
Oklahoma City Thunder,20171027,2
Oklahoma City Thunder,20171025,2
Oklahoma City Thunder,20171022,1
Oklahoma City Thunder,20171021,1
Oklahoma City Thunder,20171019,1
Orlando Magic,20180411,25
Orlando Magic,20180409,24
Orlando Magic,20180408,24
Orlando Magic,20180406,24
Orlando Magic,20180404,24
Orlando Magic,20180403,23
Orlando Magic,20180401,22
Orlando Magic,20180330,22
Orlando Magic,20180328,22
Orlando Magic,20180324,22
Orlando Magic,20180322,21
Orlando Magic,20180320,21
Orlando Magic,20180316,21
Orlando Magic,20180314,21
Orlando Magic,20180313,20
Orlando Magic,20180310,20
Orlando Magic,20180309,20
Orlando Magic,20180307,20
Orlando Magic,20180305,20
Orlando Magic,20180303,20
Orlando Magic,20180302,19
Orlando Magic,20180228,18
Orlando Magic,20180226,18
Orlando Magic,20180224,18
Orlando Magic,20180222,18
Orlando Magic,20180214,18
Orlando Magic,20180212,18
Orlando Magic,20180210,18
Orlando Magic,20180208,18
Orlando Magic,20180206,17
Orlando Magic,20180205,16
Orlando Magic,20180203,15
Orlando Magic,20180131,15
Orlando Magic,20180130,14
Orlando Magic,20180127,14
Orlando Magic,20180123,14
Orlando Magic,20180121,14
Orlando Magic,20180118,13
Orlando Magic,20180116,13
Orlando Magic,20180112,12
Orlando Magic,20180110,12
Orlando Magic,20180109,12
Orlando Magic,20180106,12
Orlando Magic,20180103,12
Orlando Magic,20180101,12
Orlando Magic,20171230,12
Orlando Magic,20171228,12
Orlando Magic,20171226,11
Orlando Magic,20171223,11
Orlando Magic,20171222,11
Orlando Magic,20171220,11
Orlando Magic,20171217,11
Orlando Magic,20171215,11
Orlando Magic,20171213,11
Orlando Magic,20171209,11
Orlando Magic,20171208,11
Orlando Magic,20171206,11
Orlando Magic,20171204,10
Orlando Magic,20171203,10
Orlando Magic,20171201,9
Orlando Magic,20171129,9
Orlando Magic,20171127,8
Orlando Magic,20171125,8
Orlando Magic,20171124,8
Orlando Magic,20171122,8
Orlando Magic,20171120,8
Orlando Magic,20171118,8
Orlando Magic,20171115,8
Orlando Magic,20171113,8
Orlando Magic,20171111,8
Orlando Magic,20171110,8
Orlando Magic,20171108,7
Orlando Magic,20171105,6
Orlando Magic,20171103,6
Orlando Magic,20171101,6
Orlando Magic,20171030,5
Orlando Magic,20171029,4
Orlando Magic,20171027,4
Orlando Magic,20171024,3
Orlando Magic,20171021,2
Orlando Magic,20171020,1
Orlando Magic,20171018,1
Philadelphia 76ers,20180411,52
Philadelphia 76ers,20180410,51
Philadelphia 76ers,20180408,50
Philadelphia 76ers,20180406,49
Philadelphia 76ers,20180404,48
Philadelphia 76ers,20180403,47
Philadelphia 76ers,20180401,46
Philadelphia 76ers,20180330,45
Philadelphia 76ers,20180328,44
Philadelphia 76ers,20180326,43
Philadelphia 76ers,20180324,42
Philadelphia 76ers,20180322,41
Philadelphia 76ers,20180321,40
Philadelphia 76ers,20180319,39
Philadelphia 76ers,20180316,38
Philadelphia 76ers,20180315,37
Philadelphia 76ers,20180313,36
Philadelphia 76ers,20180311,36
Philadelphia 76ers,20180308,35
Philadelphia 76ers,20180306,35
Philadelphia 76ers,20180304,34
Philadelphia 76ers,20180302,34
Philadelphia 76ers,20180301,33
Philadelphia 76ers,20180227,32
Philadelphia 76ers,20180225,32
Philadelphia 76ers,20180224,32
Philadelphia 76ers,20180222,31
Philadelphia 76ers,20180214,30
Philadelphia 76ers,20180212,29
Philadelphia 76ers,20180210,28
Philadelphia 76ers,20180209,27
Philadelphia 76ers,20180206,26
Philadelphia 76ers,20180203,25
Philadelphia 76ers,20180202,25
Philadelphia 76ers,20180131,24
Philadelphia 76ers,20180129,24
Philadelphia 76ers,20180128,24
Philadelphia 76ers,20180126,24
Philadelphia 76ers,20180124,23
Philadelphia 76ers,20180122,22
Philadelphia 76ers,20180120,22
Philadelphia 76ers,20180118,21
Philadelphia 76ers,20180115,20
Philadelphia 76ers,20180111,19
Philadelphia 76ers,20180105,19
Philadelphia 76ers,20180103,18
Philadelphia 76ers,20171231,17
Philadelphia 76ers,20171230,16
Philadelphia 76ers,20171228,15
Philadelphia 76ers,20171225,15
Philadelphia 76ers,20171223,14
Philadelphia 76ers,20171221,14
Philadelphia 76ers,20171219,14
Philadelphia 76ers,20171218,14
Philadelphia 76ers,20171215,14
Philadelphia 76ers,20171212,14
Philadelphia 76ers,20171210,13
Philadelphia 76ers,20171209,13
Philadelphia 76ers,20171207,13
Philadelphia 76ers,20171204,13
Philadelphia 76ers,20171202,13
Philadelphia 76ers,20171130,12
Philadelphia 76ers,20171129,12
Philadelphia 76ers,20171127,11
Philadelphia 76ers,20171125,11
Philadelphia 76ers,20171122,10
Philadelphia 76ers,20171120,9
Philadelphia 76ers,20171118,8
Philadelphia 76ers,20171115,8
Philadelphia 76ers,20171113,7
Philadelphia 76ers,20171111,6
Philadelphia 76ers,20171109,6
Philadelphia 76ers,20171107,6
Philadelphia 76ers,20171103,5
Philadelphia 76ers,20171101,4
Philadelphia 76ers,20171030,3
Philadelphia 76ers,20171028,2
Philadelphia 76ers,20171025,1
Philadelphia 76ers,20171023,1
Philadelphia 76ers,20171021,0
Philadelphia 76ers,20171020,0
Philadelphia 76ers,20171018,0
Phoenix Suns,20180410,21
Phoenix Suns,20180408,20
Phoenix Suns,20180406,20
Phoenix Suns,20180403,20
Phoenix Suns,20180401,19
Phoenix Suns,20180330,19
Phoenix Suns,20180328,19
Phoenix Suns,20180326,19
Phoenix Suns,20180324,19
Phoenix Suns,20180323,19
Phoenix Suns,20180320,19
Phoenix Suns,20180317,19
Phoenix Suns,20180315,19
Phoenix Suns,20180313,19
Phoenix Suns,20180310,19
Phoenix Suns,20180308,19
Phoenix Suns,20180305,19
Phoenix Suns,20180304,19
Phoenix Suns,20180302,19
Phoenix Suns,20180228,19
Phoenix Suns,20180226,18
Phoenix Suns,20180224,18
Phoenix Suns,20180223,18
Phoenix Suns,20180214,18
Phoenix Suns,20180212,18
Phoenix Suns,20180210,18
Phoenix Suns,20180207,18
Phoenix Suns,20180206,18
Phoenix Suns,20180204,18
Phoenix Suns,20180202,18
Phoenix Suns,20180131,18
Phoenix Suns,20180129,17
Phoenix Suns,20180128,17
Phoenix Suns,20180126,17
Phoenix Suns,20180124,17
Phoenix Suns,20180122,17
Phoenix Suns,20180119,17
Phoenix Suns,20180116,16
Phoenix Suns,20180114,16
Phoenix Suns,20180112,16
Phoenix Suns,20180107,16
Phoenix Suns,20180105,15
Phoenix Suns,20180103,15
Phoenix Suns,20180102,15
Phoenix Suns,20171231,14
Phoenix Suns,20171229,14
Phoenix Suns,20171226,13
Phoenix Suns,20171223,12
Phoenix Suns,20171221,12
Phoenix Suns,20171220,11
Phoenix Suns,20171218,11
Phoenix Suns,20171216,10
Phoenix Suns,20171213,9
Phoenix Suns,20171212,9
Phoenix Suns,20171209,9
Phoenix Suns,20171207,9
Phoenix Suns,20171205,9
Phoenix Suns,20171204,9
Phoenix Suns,20171202,8
Phoenix Suns,20171129,8
Phoenix Suns,20171128,8
Phoenix Suns,20171126,7
Phoenix Suns,20171124,7
Phoenix Suns,20171122,7
Phoenix Suns,20171119,7
Phoenix Suns,20171117,6
Phoenix Suns,20171116,5
Phoenix Suns,20171113,5
Phoenix Suns,20171111,5
Phoenix Suns,20171110,4
Phoenix Suns,20171108,4
Phoenix Suns,20171106,4
Phoenix Suns,20171105,4
Phoenix Suns,20171103,4
Phoenix Suns,20171101,4
Phoenix Suns,20171031,3
Phoenix Suns,20171028,2
Phoenix Suns,20171025,2
Phoenix Suns,20171023,1
Phoenix Suns,20171021,0
Phoenix Suns,20171020,0
Phoenix Suns,20171018,0
Portland Trailblazers,20180411,49
Portland Trailblazers,20180409,48
Portland Trailblazers,20180407,48
Portland Trailblazers,20180405,48
Portland Trailblazers,20180403,48
Portland Trailblazers,20180401,48
Portland Trailblazers,20180330,47
Portland Trailblazers,20180328,46
Portland Trailblazers,20180327,46
Portland Trailblazers,20180325,45
Portland Trailblazers,20180323,44
Portland Trailblazers,20180320,44
Portland Trailblazers,20180318,44
Portland Trailblazers,20180317,43
Portland Trailblazers,20180315,42
Portland Trailblazers,20180312,41
Portland Trailblazers,20180309,40
Portland Trailblazers,20180306,39
Portland Trailblazers,20180305,38
Portland Trailblazers,20180303,37
Portland Trailblazers,20180301,36
Portland Trailblazers,20180227,35
Portland Trailblazers,20180224,34
Portland Trailblazers,20180223,33
Portland Trailblazers,20180214,32
Portland Trailblazers,20180211,31
Portland Trailblazers,20180209,31
Portland Trailblazers,20180208,30
Portland Trailblazers,20180205,29
Portland Trailblazers,20180204,29
Portland Trailblazers,20180202,29
Portland Trailblazers,20180131,29
Portland Trailblazers,20180130,28
Portland Trailblazers,20180126,27
Portland Trailblazers,20180124,26
Portland Trailblazers,20180122,25
Portland Trailblazers,20180120,25
Portland Trailblazers,20180118,24
Portland Trailblazers,20180116,23
Portland Trailblazers,20180114,22
Portland Trailblazers,20180112,22
Portland Trailblazers,20180110,22
Portland Trailblazers,20180109,22
Portland Trailblazers,20180107,21
Portland Trailblazers,20180105,20
Portland Trailblazers,20180102,19
Portland Trailblazers,20180101,19
Portland Trailblazers,20171230,18
Portland Trailblazers,20171228,18
Portland Trailblazers,20171223,17
Portland Trailblazers,20171222,16
Portland Trailblazers,20171220,16
Portland Trailblazers,20171218,16
Portland Trailblazers,20171216,16
Portland Trailblazers,20171215,15
Portland Trailblazers,20171213,14
Portland Trailblazers,20171211,13
Portland Trailblazers,20171209,13
Portland Trailblazers,20171205,13
Portland Trailblazers,20171202,13
Portland Trailblazers,20171130,13
Portland Trailblazers,20171127,13
Portland Trailblazers,20171125,12
Portland Trailblazers,20171124,11
Portland Trailblazers,20171122,10
Portland Trailblazers,20171120,10
Portland Trailblazers,20171118,9
Portland Trailblazers,20171117,8
Portland Trailblazers,20171115,8
Portland Trailblazers,20171113,7
Portland Trailblazers,20171110,6
Portland Trailblazers,20171107,6
Portland Trailblazers,20171105,6
Portland Trailblazers,20171102,5
Portland Trailblazers,20171101,4
Portland Trailblazers,20171030,4
Portland Trailblazers,20171028,4
Portland Trailblazers,20171026,3
Portland Trailblazers,20171024,3
Portland Trailblazers,20171021,2
Portland Trailblazers,20171020,2
Portland Trailblazers,20171018,1
Sacramento Kings,20180411,27
Sacramento Kings,20180409,26
Sacramento Kings,20180406,26
Sacramento Kings,20180403,25
Sacramento Kings,20180401,25
Sacramento Kings,20180331,24
Sacramento Kings,20180329,24
Sacramento Kings,20180327,24
Sacramento Kings,20180325,24
Sacramento Kings,20180322,24
Sacramento Kings,20180319,23
Sacramento Kings,20180317,23
Sacramento Kings,20180316,23
Sacramento Kings,20180314,22
Sacramento Kings,20180312,21
Sacramento Kings,20180311,21
Sacramento Kings,20180309,21
Sacramento Kings,20180307,20
Sacramento Kings,20180304,20
Sacramento Kings,20180303,19
Sacramento Kings,20180301,19
Sacramento Kings,20180227,18
Sacramento Kings,20180226,18
Sacramento Kings,20180224,18
Sacramento Kings,20180222,18
Sacramento Kings,20180214,18
Sacramento Kings,20180213,18
Sacramento Kings,20180211,17
Sacramento Kings,20180209,17
Sacramento Kings,20180205,17
Sacramento Kings,20180203,16
Sacramento Kings,20180202,16
Sacramento Kings,20180130,16
Sacramento Kings,20180128,15
Sacramento Kings,20180125,15
Sacramento Kings,20180123,14
Sacramento Kings,20180122,13
Sacramento Kings,20180119,13
Sacramento Kings,20180117,13
Sacramento Kings,20180115,13
Sacramento Kings,20180113,13
Sacramento Kings,20180111,13
Sacramento Kings,20180109,13
Sacramento Kings,20180108,13
Sacramento Kings,20180106,13
Sacramento Kings,20180102,12
Sacramento Kings,20171231,12
Sacramento Kings,20171229,12
Sacramento Kings,20171227,12
Sacramento Kings,20171226,11
Sacramento Kings,20171223,11
Sacramento Kings,20171220,11
Sacramento Kings,20171219,10
Sacramento Kings,20171217,9
Sacramento Kings,20171214,9
Sacramento Kings,20171212,9
Sacramento Kings,20171210,8
Sacramento Kings,20171208,8
Sacramento Kings,20171206,7
Sacramento Kings,20171202,7
Sacramento Kings,20171201,7
Sacramento Kings,20171128,6
Sacramento Kings,20171127,6
Sacramento Kings,20171125,5
Sacramento Kings,20171122,5
Sacramento Kings,20171120,4
Sacramento Kings,20171118,4
Sacramento Kings,20171117,4
Sacramento Kings,20171115,3
Sacramento Kings,20171113,3
Sacramento Kings,20171111,3
Sacramento Kings,20171109,3
Sacramento Kings,20171107,2
Sacramento Kings,20171104,1
Sacramento Kings,20171101,1
Sacramento Kings,20171031,1
Sacramento Kings,20171029,1
Sacramento Kings,20171026,1
Sacramento Kings,20171023,1
Sacramento Kings,20171021,1
Sacramento Kings,20171020,1
Sacramento Kings,20171018,0
San Antonio Spurs,20180411,47
San Antonio Spurs,20180409,47
San Antonio Spurs,20180407,46
San Antonio Spurs,20180404,45
San Antonio Spurs,20180403,45
San Antonio Spurs,20180401,45
San Antonio Spurs,20180329,44
San Antonio Spurs,20180327,43
San Antonio Spurs,20180325,43
San Antonio Spurs,20180323,43
San Antonio Spurs,20180321,42
San Antonio Spurs,20180319,41
San Antonio Spurs,20180317,40
San Antonio Spurs,20180315,39
San Antonio Spurs,20180313,38
San Antonio Spurs,20180312,37
San Antonio Spurs,20180310,37
San Antonio Spurs,20180308,37
San Antonio Spurs,20180305,37
San Antonio Spurs,20180303,36
San Antonio Spurs,20180228,36
San Antonio Spurs,20180225,36
San Antonio Spurs,20180223,35
San Antonio Spurs,20180213,35
San Antonio Spurs,20180212,35
San Antonio Spurs,20180210,35
San Antonio Spurs,20180207,35
San Antonio Spurs,20180203,34
San Antonio Spurs,20180201,34
San Antonio Spurs,20180130,34
San Antonio Spurs,20180128,33
San Antonio Spurs,20180126,32
San Antonio Spurs,20180124,32
San Antonio Spurs,20180123,31
San Antonio Spurs,20180121,30
San Antonio Spurs,20180119,30
San Antonio Spurs,20180117,30
San Antonio Spurs,20180115,29
San Antonio Spurs,20180113,29
San Antonio Spurs,20180111,28
San Antonio Spurs,20180108,28
San Antonio Spurs,20180107,27
San Antonio Spurs,20180105,27
San Antonio Spurs,20180103,26
San Antonio Spurs,20180102,26
San Antonio Spurs,20171230,25
San Antonio Spurs,20171228,25
San Antonio Spurs,20171226,24
San Antonio Spurs,20171223,23
San Antonio Spurs,20171221,22
San Antonio Spurs,20171220,22
San Antonio Spurs,20171218,21
San Antonio Spurs,20171216,20
San Antonio Spurs,20171215,19
San Antonio Spurs,20171212,19
San Antonio Spurs,20171209,19
San Antonio Spurs,20171208,18
San Antonio Spurs,20171206,17
San Antonio Spurs,20171204,16
San Antonio Spurs,20171203,15
San Antonio Spurs,20171201,15
San Antonio Spurs,20171129,14
San Antonio Spurs,20171127,13
San Antonio Spurs,20171125,12
San Antonio Spurs,20171122,11
San Antonio Spurs,20171120,11
San Antonio Spurs,20171117,10
San Antonio Spurs,20171115,9
San Antonio Spurs,20171114,9
San Antonio Spurs,20171111,8
San Antonio Spurs,20171110,7
San Antonio Spurs,20171107,7
San Antonio Spurs,20171105,6
San Antonio Spurs,20171103,5
San Antonio Spurs,20171102,4
San Antonio Spurs,20171030,4
San Antonio Spurs,20171029,4
San Antonio Spurs,20171027,4
San Antonio Spurs,20171025,4
San Antonio Spurs,20171023,3
San Antonio Spurs,20171021,2
San Antonio Spurs,20171018,1
Toronto Raptors,20180411,59
Toronto Raptors,20180409,59
Toronto Raptors,20180408,58
Toronto Raptors,20180406,57
Toronto Raptors,20180404,56
Toronto Raptors,20180403,55
Toronto Raptors,20180331,55
Toronto Raptors,20180327,55
Toronto Raptors,20180325,54
Toronto Raptors,20180323,54
Toronto Raptors,20180321,53
Toronto Raptors,20180320,53
Toronto Raptors,20180318,52
Toronto Raptors,20180316,52
Toronto Raptors,20180315,51
Toronto Raptors,20180313,50
Toronto Raptors,20180311,49
Toronto Raptors,20180309,48
Toronto Raptors,20180307,47
Toronto Raptors,20180306,46
Toronto Raptors,20180304,45
Toronto Raptors,20180302,44
Toronto Raptors,20180228,43
Toronto Raptors,20180226,42
Toronto Raptors,20180223,41
Toronto Raptors,20180214,41
Toronto Raptors,20180213,40
Toronto Raptors,20180211,39
Toronto Raptors,20180208,38
Toronto Raptors,20180206,37
Toronto Raptors,20180204,36
Toronto Raptors,20180202,35
Toronto Raptors,20180201,34
Toronto Raptors,20180130,34
Toronto Raptors,20180128,33
Toronto Raptors,20180126,32
Toronto Raptors,20180124,32
Toronto Raptors,20180120,31
Toronto Raptors,20180119,31
Toronto Raptors,20180117,30
Toronto Raptors,20180115,29
Toronto Raptors,20180113,29
Toronto Raptors,20180111,29
Toronto Raptors,20180109,28
Toronto Raptors,20180108,28
Toronto Raptors,20180105,27
Toronto Raptors,20180103,26
Toronto Raptors,20180101,25
Toronto Raptors,20171229,24
Toronto Raptors,20171227,23
Toronto Raptors,20171226,23
Toronto Raptors,20171223,23
Toronto Raptors,20171221,22
Toronto Raptors,20171220,21
Toronto Raptors,20171217,20
Toronto Raptors,20171215,19
Toronto Raptors,20171213,18
Toronto Raptors,20171211,17
Toronto Raptors,20171210,17
Toronto Raptors,20171208,16
Toronto Raptors,20171205,15
Toronto Raptors,20171201,14
Toronto Raptors,20171129,13
Toronto Raptors,20171125,12
Toronto Raptors,20171124,11
Toronto Raptors,20171122,11
Toronto Raptors,20171119,11
Toronto Raptors,20171117,10
Toronto Raptors,20171115,9
Toronto Raptors,20171114,8
Toronto Raptors,20171112,7
Toronto Raptors,20171109,7
Toronto Raptors,20171107,6
Toronto Raptors,20171105,5
Toronto Raptors,20171103,5
Toronto Raptors,20171101,4
Toronto Raptors,20171030,4
Toronto Raptors,20171027,3
Toronto Raptors,20171025,2
Toronto Raptors,20171023,2
Toronto Raptors,20171021,2
Toronto Raptors,20171019,1
Utah Jazz,20180411,48
Utah Jazz,20180410,48
Utah Jazz,20180408,47
Utah Jazz,20180405,46
Utah Jazz,20180403,45
Utah Jazz,20180401,44
Utah Jazz,20180330,43
Utah Jazz,20180328,42
Utah Jazz,20180325,42
Utah Jazz,20180323,41
Utah Jazz,20180322,41
Utah Jazz,20180320,40
Utah Jazz,20180317,40
Utah Jazz,20180315,39
Utah Jazz,20180313,38
Utah Jazz,20180311,37
Utah Jazz,20180309,36
Utah Jazz,20180307,35
Utah Jazz,20180305,34
Utah Jazz,20180303,33
Utah Jazz,20180302,32
Utah Jazz,20180226,31
Utah Jazz,20180224,31
Utah Jazz,20180223,30
Utah Jazz,20180214,30
Utah Jazz,20180212,29
Utah Jazz,20180211,28
Utah Jazz,20180209,27
Utah Jazz,20180207,26
Utah Jazz,20180205,25
Utah Jazz,20180203,24
Utah Jazz,20180202,23
Utah Jazz,20180130,22
Utah Jazz,20180126,21
Utah Jazz,20180124,20
Utah Jazz,20180122,19
Utah Jazz,20180120,19
Utah Jazz,20180119,18
Utah Jazz,20180117,18
Utah Jazz,20180115,17
Utah Jazz,20180112,17
Utah Jazz,20180110,17
Utah Jazz,20180107,16
Utah Jazz,20180105,16
Utah Jazz,20180103,16
Utah Jazz,20171230,16
Utah Jazz,20171227,15
Utah Jazz,20171226,15
Utah Jazz,20171223,15
Utah Jazz,20171221,15
Utah Jazz,20171220,14
Utah Jazz,20171218,14
Utah Jazz,20171216,14
Utah Jazz,20171215,14
Utah Jazz,20171213,13
Utah Jazz,20171209,13
Utah Jazz,20171207,13
Utah Jazz,20171205,13
Utah Jazz,20171204,13
Utah Jazz,20171201,12
Utah Jazz,20171130,11
Utah Jazz,20171128,10
Utah Jazz,20171125,9
Utah Jazz,20171122,8
Utah Jazz,20171120,7
Utah Jazz,20171118,7
Utah Jazz,20171117,6
Utah Jazz,20171115,6
Utah Jazz,20171113,6
Utah Jazz,20171111,6
Utah Jazz,20171110,5
Utah Jazz,20171107,5
Utah Jazz,20171105,5
Utah Jazz,20171103,5
Utah Jazz,20171101,5
Utah Jazz,20171030,4
Utah Jazz,20171028,3
Utah Jazz,20171025,2
Utah Jazz,20171024,2
Utah Jazz,20171021,2
Utah Jazz,20171020,1
Utah Jazz,20171018,1
Washington Wizards,20180411,43
Washington Wizards,20180410,43
Washington Wizards,20180406,42
Washington Wizards,20180405,42
Washington Wizards,20180403,42
Washington Wizards,20180401,42
Washington Wizards,20180331,42
Washington Wizards,20180329,41
Washington Wizards,20180327,41
Washington Wizards,20180325,40
Washington Wizards,20180323,40
Washington Wizards,20180321,40
Washington Wizards,20180317,40
Washington Wizards,20180314,39
Washington Wizards,20180313,38
Washington Wizards,20180310,38
Washington Wizards,20180309,38
Washington Wizards,20180306,37
Washington Wizards,20180304,36
Washington Wizards,20180302,36
Washington Wizards,20180228,36
Washington Wizards,20180227,36
Washington Wizards,20180225,35
Washington Wizards,20180223,34
Washington Wizards,20180222,34
Washington Wizards,20180214,33
Washington Wizards,20180210,32
Washington Wizards,20180208,31
Washington Wizards,20180206,31
Washington Wizards,20180205,31
Washington Wizards,20180203,30
Washington Wizards,20180201,29
Washington Wizards,20180130,28
Washington Wizards,20180127,27
Washington Wizards,20180125,26
Washington Wizards,20180122,26
Washington Wizards,20180119,26
Washington Wizards,20180117,25
Washington Wizards,20180115,25
Washington Wizards,20180113,25
Washington Wizards,20180112,24
Washington Wizards,20180110,23
Washington Wizards,20180106,23
Washington Wizards,20180105,23
Washington Wizards,20180103,22
Washington Wizards,20171231,21
Washington Wizards,20171229,20
Washington Wizards,20171227,19
Washington Wizards,20171225,19
Washington Wizards,20171223,18
Washington Wizards,20171222,17
Washington Wizards,20171219,17
Washington Wizards,20171217,16
Washington Wizards,20171215,16
Washington Wizards,20171213,15
Washington Wizards,20171212,14
Washington Wizards,20171209,14
Washington Wizards,20171207,14
Washington Wizards,20171205,13
Washington Wizards,20171204,12
Washington Wizards,20171201,12
Washington Wizards,20171129,11
Washington Wizards,20171128,11
Washington Wizards,20171125,10
Washington Wizards,20171122,10
Washington Wizards,20171120,10
Washington Wizards,20171119,9
Washington Wizards,20171117,9
Washington Wizards,20171115,9
Washington Wizards,20171113,8
Washington Wizards,20171111,7
Washington Wizards,20171109,6
Washington Wizards,20171107,5
Washington Wizards,20171105,5
Washington Wizards,20171103,4
Washington Wizards,20171101,4
Washington Wizards,20171029,4
Washington Wizards,20171027,3
Washington Wizards,20171025,3
Washington Wizards,20171023,3
Washington Wizards,20171020,2
Washington Wizards,20171018,1
